Product Name,Product Price,Rating,Number of Reviews,Product URL
Wesley Milestone 2.0 Casual Waterproof Laptop Backpack/Office Bag/School Bag/College Bag/Business Bag/Travel Backpack (Dimensions:13x18 inches) (Compatible with 15.6 inch laptop) 30 L (Blue & black),499,4.3,13211,https://www.amazon.in/Wesley-Milestone-Waterproof-Backpack-Business/dp/B084JGJ8PF/ref=ice_ac_b_dpb
American Tourister Fizz Large Size 32 Ltrs Casual Backpack (BLACK),899,4.0,56326,https://www.amazon.in/gp/bestsellers/luggage/2917444031/ref=sr_bs_1_2917444031_1
Fur Jaden Brown Textured Leatherette Stylish & Spacious Weekender Duffle Bag for Travel,899,4.3,6864,https://www.amazon.in/FUR-JADEN-Leatherette-Polypropylene-DUFF05/dp/B07M9BRCQ5
Gear Turbo 45L Expandable Water Resistant Antitheft Laptop Bag/Backpack/Briefcase For Men/Women With Raincover (Grey),1595,4.3,1208,https://www.amazon.in/Gear-Expandable-RainCover-Grey-Black-TLPTURBO00401/dp/B097KDRZ67
"Safari Omega 30L Laptop Backpack with Raincover, school bag for boys and girls, college bag, office bag, travel bag for men and women, Teal",699,3.9,155,https://www.amazon.in/Safari-Laptop-Backpack-Raincover-college/dp/B097JH4V5G
"Lenovo 15.6"" (39.62cm) Slim Everyday Backpack, Made in India, Compact, Water-resistant, Organized storage:Laptop sleeve,tablet pocket,front workstation,2-side pockets,Padded adjustable shoulder straps",449,4.3,5241,https://www.amazon.in/Lenovo-15-6-Inches-Everyday-Backpack/dp/B08R7RPVJF
Wesley Spartan Unisex Travel Hiking Laptop Bag fits Upto 17.3 inch with Raincover and Internal Organiser Backpack Rucksack College Bag,689,4.1,1944,https://www.amazon.in/Wesley-Spartan-Hiking-Raincover-Organiser/dp/B098QFF5TJ
Half Moon Large 37L Laptop Bag Backpack for menं Women Boys and Girls Luggage Travel Bags with 17.3 inches Laptop Compartment & Rain Cover,689,3.9,3832,https://www.amazon.in/Half-Moon-Backpack-Luggage-Compartment/dp/B09VCLZ3K4
"FUR JADEN Anti Theft Number Lock Backpack Bag with 15.6 Inch Laptop Compartment, USB Charging Port & Organizer Pocket for Men Women Boys Girls",799,4.1,6637,https://www.amazon.in/Number-Backpack-Compartment-Charging-Organizer/dp/B09VTDMRY7
Impulse Belux 45L Laptop Backpack/Office Bag/School Bag/College Bag/Business Bag/Travel Backpack Water Resistant Fits Up to 16 Inch Laptop with 1 Year Warranty,399,5.0,10,https://www.amazon.in/Impulse-Belux-Backpack-Resistant-Black/dp/B0CJHL12N9
Safari Seek 45 Ltrs Overnighter Expandable Travel Laptop Backpack,2299,4.5,7714,https://www.amazon.in/Safari-45L-21-OB-BLK/dp/B07BZ5VC4H
"Mi Step Out 12 L Mini Backpack (Small Size, Black, Water Repellant)",229,4.1,10260,https://www.amazon.in/Backpack-Small-Black-Water-Repellant/dp/B088XB5XY8
Gear Classic 20L Small Faux Leather Water Resistant Anti Theft Laptop Bag/Backpack for Men/Women (Navy-Tan),799,4.4,6794,https://www.amazon.in/Gear-Classic-Leather-Backpack-LBPCLSLTH0519/dp/B07G4JQX2F
ADISA Laptop Backpack 31 Ltrs,349,4.0,9230,https://www.amazon.in/ADISA-BP004-Weight-Casual-Backpack/dp/B07G3CG9FC
"Half Moon 35L Water Resistant 15.6 inch Laptop Bag/ Backpack, Navy Blue | Office Bag for Men and Women with Padded Laptop Compartment | Rain Cover & Reflective Strips",549,3.9,17592,https://www.amazon.in/Half-Moon-Waterproof-Backpack-Students/dp/B085MHDJ93
"FUR JADEN Anti Theft Number Lock Backpack Bag with 15.6 Inch Laptop Compartment, USB Charging Port & Organizer Pocket for Men Women Boys Girls",639,4.1,6637,https://www.amazon.in/Number-Backpack-Compartment-Charging-Organizer/dp/B09VTCNN75
Gear Classic 20L Small Faux Leather Water Resistant Anti Theft Laptop Bag/Office Backpack for Men/Women - Brown,799,4.4,6238,https://www.amazon.in/Gear-Classic-Leather-Backpack-LBPCLSLTH0201/dp/B07G4F6XFH
"Wesley Milestone 2.0 Casual Waterproof Laptop Backpack/Office Bag/School Bag/College Bag/Business Bag/Travel Backpack (Dimensions:13x18 inches) (Compatible with 15.6"" laptop) 30 L, Charcoal black",499,4.3,13211,https://www.amazon.in/Wesley-Milestone-Waterproof-Backpack-Business/dp/B085S444JV
ADISA 32 Ltrs Water Resistant Casual Travel Bagpack/College Backpack/School Office Bag for Men and Women,374,3.9,4288,https://www.amazon.in/ADISA-BP010-Weight-Casual-Backpack/dp/B07MXL986B
"FUR JADEN 40L Weekender Travel Laptop Backpack with Anti Theft Pocket, Organizer, 15.6 Inch Padded Laptop Sleeve and Dual Handles",1099,4.3,1182,https://www.amazon.in/Weekender-Travel-Backpack-Organizer-Handles/dp/B0B34WJK3X
"Amazon Brand - Presto! Oxo-Biodegradable Garbage Bags, Medium -(19 x 21 inches) - 30 bags/roll (Pack of 6, Black)",289,4.4,35876,https://www.amazon.in/gp/bestsellers/kitchen/6802467031/ref=sr_bs_4_6802467031_1
"Mi Step Out 12 L Mini Backpack (Small Size, Dark Blue, Water Repellant)",229,4.1,10260,https://www.amazon.in/Step-Backpack-Small-Water-Repellant/dp/B088XH1BP7
"Mi Step Out 12 L Mini Backpack (Small Size, Red, Water Repellant)",229,4.1,10260,https://www.amazon.in/Step-Backpack-Small-Water-Repellant/dp/B088XG77KN
American Tourister Casual Backpack,949,4.2,4179,https://www.amazon.in/American-Tourister-AMT-SCH-BAG02/dp/B07CGLDV2C
ADISA 15.6 inch laptop backpack office bag college travel back pack 32 Ltrs,399,3.9,1392,https://www.amazon.in/ADISA-Laptop-Backpack-Office-College/dp/B09TPX22NF
Arctic Fox Slope Anti Theft 23 L Backpack with USB Charging Port 15 Inch Laptop Backpack (Marble Black),1299,4.5,4525,https://www.amazon.in/Arctic-Fox-Backpack-Charging-Laptop/dp/B089QB6D7B
"Safari Pentagon 55 Cms Small Cabin Polypropylene Hard Sided 4 Wheels 360 Degree Wheeling System Luggage/Suitcase/Trolley Bag, Cyan Blue",1799,4.1,3568,https://www.amazon.in/Safari-Pentagon-Polypropylene-55-Hardsided/dp/B097QP6L5K
"Storite 2 Pack Moisture Proof Nylon Large Size Underbed Storage Bag For Clothes (54 x 46 x 28 cm) - Black, Rectangular",559,4.4,18114,https://www.amazon.in/gp/bestsellers/kitchen/1380564031/ref=sr_bs_11_1380564031_1
American Tourister Valex 28 Ltrs Large Laptop Backpack with Bottle Pocket and Front Organizer- Black,1399,4.3,1337,https://www.amazon.in/American-Tourister-BACKPACK-COMPARTMENT-ORGANIZER/dp/B0BTD4S4XF
"Genie Camellia School Bag for Girls, 17 inch Backpack for Women, 3 compartments Water Resistant Stylish and Trendy College Backpacks for Girls",799,4.2,3733,https://www.amazon.in/Genie-Ltrs-School-Backpack-CAMELLIA17SBPIN/dp/B07QHMKHWH
"POLESTAR Amaze 15.6 inch 30 LTR Casual Laptop Backpack/Office Bag/School Bag/College Bag/Business Bag/Unisex Backpack, Water Resistant and Light Weight, 1 year Warranty",549,4.0,6169,https://www.amazon.in/POLE-STAR-Polyester-Backpack-Compartment/dp/B07D6NXR2Q
"FUR JADEN Anti Theft Number Lock Backpack Bag with 15.6 Inch Laptop Compartment, USB Charging Port & Organizer Pocket for Men Women Boys Girls",800,4.1,6637,https://www.amazon.in/Number-Backpack-Compartment-Charging-Organizer/dp/B09VTC876Z
Half Moon Large 37L Laptop Bag Backpack for menं Women Boys and Girls Luggage Travel Bags with 17.3 inches Laptop Compartment & Rain Cover,689,3.9,3832,https://www.amazon.in/Half-Moon-Resistant-Backpack-Compartment/dp/B0BHX7GY16
American Tourister Valex 28 Ltrs Large Laptop Backpack with Bottle Pocket and Front Organizer- Blue,999,4.2,917,https://www.amazon.in/American-Tourister-BACKPACK-COMPARTMENT-ORGANIZER/dp/B0BTD4FK9G
"ROZEN 47 Ltrs, 46 cms School Bag Class 5-12 Large 5 partition Laptop Collage Office Travel Backpack Unisex",697,4.1,342,https://www.amazon.in/ROZEN-partition-Collage-Backpack-SKYBLUE/dp/B0BRTFGG22
Tommy Hilfiger Joshua Polyester 20.61L Laptop Backpack For Unisex - Black,1599,4.2,662,https://www.amazon.in/Hilfiger-Joshua-Backpack-TH-JOSHUALAP01/dp/B07N8GRWTZ
"Gizga Essentials Laptop Bag Sleeve Case Cover Pouch with Handle for 14.1 Inch Laptop for Men & Women, Padded Laptop Compartment, Premium Zipper Closure, Water Repellent Nylon Fabric, Grey",228,4.1,2065,https://www.amazon.in/Essentials-Sleeve-Microsoft-Surface-Go/dp/B07LFWP97N
Impulse Diggy 35L Laptop Backpack/Office Bag/School Bag/College Bag/Business Bag/Travel Backpack Water Resistant Fits Up to 16 Inch Laptop with 1 Year Warranty,399,4.1,21,https://www.amazon.in/Impulse-Diggy-Backpack-Business-Resistant/dp/B0CJHV6RTS
HP 320 15.6-inch Backpacks/Trolley Pass-Through; Padded Back Panel; Padded air mesh Panel/Hand wash and air Dry/Padded Laptop Pocket/1 Year Limited Warranty (793A6AA),599,4.1,59,https://www.amazon.in/HP-15-6-inch-Backpacks-Pass-Through-793A6AA/dp/B0BYDXVM5Q
"AirCase Protective Laptop Bag Sleeve fits Upto 15.6"" Laptop/MacBook, Wrinkle Free, Padded, Waterproof Light Neoprene case Cover Pouch, for Men & Women, Black- 6 Months Warranty",399,4.3,11435,https://www.amazon.in/AirCase-15-6-Inch-MacBook-Protective-Neoprene/dp/B07Z1YVP72
ADISA 31 Ltrs Casual Backpack School College Bag Pack,349,4.0,347,https://www.amazon.in/ADISA-Casual-Backpack-College-BP046-NAV_Navy/dp/B0BX3QFVSM
"Gizga Essentials Laptop Bag Sleeve Case Cover Pouch with Handle for 15.6 Inch Laptop for Men & Women, Padded Laptop Compartment, Premium Zipper Closure, Water Repellent Nylon Fabric, Grey",228,4.1,3395,https://www.amazon.in/gp/bestsellers/computers/1375468031/ref=sr_bs_9_1375468031_1
Red Lemon Swisslook Polyester Bange Series 45L 15.6-inch Laptop Bags Backpack for Men and Women Semi Waterproof USB with Anti Theft Pocket Travel Backpack,2699,4.3,1878,https://www.amazon.in/Swisslook-Polyester-15-6-inch-Backpack-Waterproof/dp/B07XYTZP4Z
FUR JADEN Anti Theft Backpack 15.6 Inch Laptop Bag with USB Charging Port For Men Women Boys Girls,749,4.0,14168,https://www.amazon.in/Fur-Jaden-Black-Waterproof-Backpack/dp/B078GLXMDY
"SFANE Polyester 23 cms Navy Blue Gym Bag, Shoulder Bag, Sports Bag for Men & Women with Separate Shoes Compartment (Blue)",413,4.3,3159,https://www.amazon.in/SFANE-Duffel-Shoulder-Women-Compartment/dp/B07ZC77WTW
"Presto! Oxo-Biodegradable Garbage Bags, Small - 30 bags/roll (Pack of 6, plastic, Black)",259,4.3,15900,https://www.amazon.in/Amazon-Brand-Presto-Oxo-Biodegradable-Garbage/dp/B0821PKWBW
"amazon basics Vacuum Compression Storage Bags with Hand Pump - Large, 5-Pack",599,4.4,11722,https://www.amazon.in/AmazonBasics-Vacuum-Compression-Storage-Bags/dp/B07RSCPH4N
Shalimar Premium OXO - Biodegradable Garbage Bags (Medium) Size 48 cm x 56 cm 4 Rolls 120 Bags Dustbin Bag/Trash Bag - Black Color,269,4.5,18715,https://www.amazon.in/Shalimar-Premium-Garbage-Medium-Rolls/dp/B07KT9Q54M
Shalimar Premium OXO - Biodegradable Garbage Bags (Medium) Size 48 cm x 56 cm 4 Rolls 120 Bags Dustbin Bag/Trash Bag - Black Color,269,4.5,18715,https://www.amazon.in/Shalimar-Premium-Garbage-Medium-Rolls/dp/B07KT9Q54M
Puma Unisex Duffle Bag IND,1049,4.0,403,https://www.amazon.in/Puma-Carry-Unisex-Duffel-Bag/dp/B089T8PKSQ
"AirCase Protective Laptop Bag Sleeve fits Upto 13.3"" Laptop/MacBook Pro/Air M1/M2, Wrinkle Free, Padded, Waterproof Light Neoprene case Cover Pouch, for Men & Women, Black- 6 Months Warranty",399,4.4,11210,https://www.amazon.in/AirCase-13-Inch-13-3-Inch-MacBook-Neoprene/dp/B07Z1X6VFC
Lavie Women's Beech Satchel Bag | Ladies Purse Handbag,1259,4.2,4495,https://www.amazon.in/gp/bestsellers/shoes/1983355031/ref=sr_bs_3_1983355031_1
"Lenovo 16-inch Value Lite Backpack, Comfortable, Padded Back Panel, Slim and Sleek, Dedicated Laptop Compartment, Padded Shoulder Straps for Optimal Comfort and Ergonomic Support (4X41C94115)",649,4.6,24,https://www.amazon.in/Lenovo-Comfortable-Dedicated-Compartment-4X41C94115/dp/B09QCYXZ1H
"Presto! Oxo-Biodegradable Garbage Bags, Large (24 x 32 inches) - 15 bags/roll (Pack of 6, Black, plastic)",299,4.3,10308,https://www.amazon.in/Amazon-Brand-Presto-Oxo-Biodegradable-Garbage/dp/B0821PYKVK
"Lenovo 15.6"" Casual Backpack B210",799,4.1,19975,https://www.amazon.in/Lenovo-Laptop-Backpack-15-6-Inch-GX40Q17225/dp/B075Y72PHZ
Ezee Black Medium Garbage Bags 90 Pcs | 19 X 21 Inch | 30 Pcs x Pack of 3 | Dustbin Trash Bag,155,4.2,28672,https://www.amazon.in/Ezee-Garbage-Bag-inches-Pieces/dp/B06VX8YR6Q
Safari Swagpack 35 Ltrs Large Laptop Backpack With 3 Compartments and Raincover - Black (SWAGPACK19CBBLK),999,3.6,548,https://www.amazon.in/Safari-Swagpack-Backpack-Compartments-Raincover/dp/B09B25QMKY
Half Moon 55 litres Travelling Laptop Bag/Rucksack Backpack for Luggage Travel Journey Trekking Hiking Bags for Men Women Boys and Girls with Laptop Compartment & Rain Cover,799,3.9,639,https://www.amazon.in/Half-Moon-Travelling-Rucksack-Compartment/dp/B09WDGZ32L
"FUR JADEN Travel Laptop Backpack, Business Backpacks with USB Charging Port, Water Resistant College School Computer Bag for Men & Women Fits Under 15.6 inch Laptop and Notebook",999,4.2,385,https://www.amazon.in/Backpack-Business-Backpacks-Charging-Resistant/dp/B094DGXXR5
Lunar's Comet 35L Water Resistant Travel Bagpack/College Backpack/School Bag/Office Bag/Business Backpack/Daypack for Men and Women with 1 Year Warranty,747,4.0,13843,https://www.amazon.in/Lunars-Comet-Resistant-Casual-Backpack/dp/B07WN833M7
ADISA 32L large laptop backpack office bag college travel back pack with rain cover,449,3.8,436,https://www.amazon.in/ADISA-Laptop-Backpack-Office-College/dp/B0BPTV3795
TRUE HUMAN EMPEROR® Anti-Theft backpack With USB charging Port Laptop bag/Office bag/college bag/travel bag with anti -theft back pocket (LEGEND),529,3.7,2763,https://www.amazon.in/gp/bestsellers/computers/1375464031/ref=sr_bs_13_1375464031_1
NORTH ZONE Lightweight school bags Backpacks for Boys Girls Stylish men and women Casual Travel Laptop Bag College office,496,4.0,1114,https://www.amazon.in/NORTH-ZONE-Lightweight-Backpacks-Stylish/dp/B0BL3SPN16
"Lipton Honey Lemon Green Tea Bags 100 pcs, All Natural Flavour, Zero Calories - Improves Metabolism & Reduces Waist",482,4.4,,https://www.amazon.in/Lipton-Honey-Lemon-Green-Pieces/dp/B01HMQ4HLW
"Home Puff Lunch Bag for Women & Men, Insulated Lunch Bag, Tiffin Lunch Bag for Office/College/School, Bottle Holder, Lightweight, Durable Handles, Multiple Pockets, with Warranty, Made in India, Grey",299,4.3,633,https://www.amazon.in/Home-Puff-Insulated-Lightweight-Multiple/dp/B0B42KFBDM
Safari Quill Large Laptop Backpack 26 Ltrs Water Resistant Fabric - Black,799,3.9,1112,https://www.amazon.in/Safari-Laptop-Backpack-Resistant-Fabric/dp/B09B25Z8M2
Gear Vintage2 Anti Theft Faux Leather 18 cms Tan Laptop Backpack,769,4.3,1805,https://www.amazon.in/Gear-Vintage2-Leather-Backpack-LBPVG2LTH1901/dp/B07G4F3758
Shalimar Premium OXO - Biodegradable Garbage Bags 19 X 21 Inches (Medium) 180 Bags (6 Rolls) Dustbin Bag/Trash Bag - Black Color,406,4.5,15487,https://www.amazon.in/Shalimar-Premium-Garbage-Medium-Black/dp/B016DCB9OO
POLICE Backpack Laptop Bag for Men Casual Backpack Office/Travel/College 30 Ltr Hedge Polyester - Black,1499,4.2,4170,https://www.amazon.in/Police-Polyester-Black-Laptop-Backpack/dp/B078S7GB96
INOVERA Faux Leather Women Handbags Shoulder Hobo Bag Purse With Long Strap,1239,4.2,8974,https://www.amazon.in/gp/bestsellers/shoes/1983352031/ref=sr_bs_5_1983352031_1
"Dyazo Water Resistant Camera Bag/Case Shoulder Strap Space for Photography Lens and Accessories Compatible for Nikon, Canon, Sony, Panasonic, Samsung & Other SLR/DSLR etc (Black & Silver)",698,4.2,724,https://www.amazon.in/gp/bestsellers/electronics/1389022031/ref=sr_bs_6_1389022031_1
Arctic Fox Slope Anti Theft 23 L Backpack with USB Charging Port 15 Inch Laptop Backpack (Marble Black),1299,4.5,4525,https://www.amazon.in/Arctic-Fox-Backpack-Charging-Laptop/dp/B089QBD333
NIVIA Basic Duffle Polyester Bag/Gym Bags/Adjustable Shoulder Bag for Men/Duffle Gym Bags for Men/Fitness Bag/Carry Bags/Sports & Travel Bag/Sports Kit/Duffle Bags Travel,219,4.0,4170,https://www.amazon.in/Nivia-6853BKGR-Polyester-Black-Grey/dp/B07NLB6FRS
Zipline Unisex casual polyester 36 L Backpack School Bag Women Men Boys Girls children Daypack College Bag Book School Sports Bag Weekend Bag,843,4.0,6673,https://www.amazon.in/ZIPLINE-Polyester-Backpack-Children-Daypack/dp/B07XVMR33Q
Skybags Trooper 65 cms Medium Check-in Polycarbonate Hardsided 4 Wheels Spinner Luggae/Suitcase/Trolley Bag- Blue and White,2699,4.2,19880,https://www.amazon.in/Skybags-Trooper-Polycarbonate-Hardsided-Luggage/dp/B085SZKR6B
"Dell Pro Slim Backpack 15 - PO1520PS - Fits Most laptops up to 38.1 cm (15 inches, Black)",1599,4.3,500,https://www.amazon.in/Dell-Pro-Slim-Backpack-15/dp/B07PMQTB6T
NIVIA Beast Gym Bag-4 Polyester/Unisex Gym Bags/Shoulder Bag for Men & Women with Separate Shoes Compartment/Carry Gym Accessories/Fitness Bag/Sports & Travel Bag/Sports Kit,489,4.2,3671,https://www.amazon.in/Nivia-5183-Polyester-Duffle-Medium/dp/B071KNXQ7Y
Arctic Fox 15 Liters Draw String Bag Lavender Backpack,199,4.2,3761,https://www.amazon.in/Arctic-Fox-Liters-String-Backpack/dp/B08L6Q9V1H
"Skybags Unisex Polyester Solid Pattern Hustle Df 55 (Orange, Small)",1450,4.3,354,https://www.amazon.in/Skybags-Unisex-Polyester-Pattern-Hustle/dp/B07F342RQD
Safari Small Size 15 Ltrs Unisex Casual Backpack - Sea Blue,352,4.0,21263,https://www.amazon.in/SAFARI-Ltrs-Casual-Backpack-DAYPACKNEO15CBSEB/dp/B07Q7CNPMV
"amazon basics Plastic Amazonbasics Vacuum Compression Storage Bags With Hand Pump - 15-Pack (2 X-Jumbo, 5 Jumbo, 4 Large, 4 Medium)",1499,4.3,16422,https://www.amazon.in/AmazonBasics-Vacuum-Compression-Storage-Bags/dp/B07RP7TJVT
Bennett Khadi and Polyester Drax Laptop Bag Sleeve Case Cover Pouch for 15/15.6 inches Laptop Apple/Dell/Lenovo/ASUS/Hp/Samsung/Mi/MacBook/Ultrabook/Thinkpad/Idea Pad/Surfacepro for Laptops (Blue),257,4.1,4336,https://www.amazon.in/Bennett-Polyester-Drax-Ultrabook-Surfacepro/dp/B091NZ9MYB
"Safari Snap 35 Ltrs Large Laptop Backpack With 3 Compartments, Water Resistant Fabric - Black (SNAP19CBBLK)",999,3.8,355,https://www.amazon.in/Safari-Laptop-Backpack-Compartments-Resistant/dp/B09B27CYC4
GOCART WITH G LOGO Laptop Backpack Casual Daypacks Briefcase Convertible Business Travel Rucksack with USB Charging Port Large College School Bookbag Computer Laptop Bag,1299,3.8,1504,https://www.amazon.in/GOCART-LOGO-Backpack-Briefcase-Convertible/dp/B0822H451W
Handcuffs Baby Diaper Bag Multifunctional Maternity Bags New Mom Dad Travel Backpack For Baby Care Nursing (Black),1186,4.2,555,https://www.amazon.in/Handcuffs-Multifunctional-Maternity-Backpack-Nursing/dp/B09413KB4K
"WildHorn 31L Laptop Backpack for Men/Women I Fits upto 15.6"" Laptop I Waterproof I Travel/Business/College Bookbags",599,4.1,1966,https://www.amazon.in/WILDHORN-Backpack-Compartment-Business-Stitching/dp/B09QL81ZHB
ZOUK Black Floral Printed Handmade Vegan Leather Women's Office Bag for 15.6 inch Laptop with double handles - FloMotif,1549,4.3,1098,https://www.amazon.in/ZOUK-Printed-Handmade-Leather-handles/dp/B07NHYLTY7
Half Moon Aztec 37L School Bag Class 5-12 | College Bagpack for Men/College Back pack for Women | 15.6 inch Laptop Bag for Men/Backpack for Men | Spacious & Multiple Pockets,529,3.5,352,https://www.amazon.in/Half-Moon-College-Spacious-Multiple/dp/B0C23Z9W18
Asus ROG BP1501 39.62 cm (15.6-inch) Gaming Laptop Backpack (Black),1199,4.3,1031,https://www.amazon.in/BP1501-15-6-inch-Gaming-Laptop-Backpack/dp/B081RLHHCY
Half Moon 30L Water Resistant 15.6 inch Laptop Bag/Backpack for Men | School Bag for Boys Girls | Office Bag pack for Men/Office Back Packed for Women with Padded Laptop Compartment,459,3.6,112,https://www.amazon.in/Half-Moon-Laptop-Backpack-Polyester/dp/B09CMS3K2S
"Presto! Oxo-Biodegradable Garbage Bags, XL (30 x 37 inches) - 10 bags/roll (Pack of 6, Black, plastic)",389,4.4,2104,https://www.amazon.in/Amazon-Brand-Presto-Oxo-Biodegradable-Garbage/dp/B0821QGBDY
"Safari Sneak Casual Backpack with USB Charging Port 26 Ltrs Water Resistant Fabric - Grey, L (SNEAK19CBGRE)",849,3.8,1133,https://www.amazon.in/Safari-Casual-Backpack-Charging-Resistant/dp/B09B2581S9
ADISA Light Weight Laptop Backpack 32 Ltrs,449,4.0,6216,https://www.amazon.in/ADISA-BP005-Weight-Casual-Backpack/dp/B07F3X45WZ
Half Moon Valex Unisex School Bag/ 15.6 inch Laptop Backpack/College Bagpack/Office Back Packed | Laptop Bag for Men Women | School Bags for Boys & Girls with Small Pockets & Laptop Compartment,549,3.7,163,https://www.amazon.in/Half-Moon-Laptop-Bag-Compartment/dp/B0C1NZLF67
"Newtone Premium OXO - Biodegradable Garbage Bags (Small) Size 43 cm x 51 cm (Dustbin Bag/Trash Bag) (Green Colour) (Pack of - 6, Small)",182,4.2,1888,https://www.amazon.in/Newtone-Premium-OXO-Biodegradable-Garbage/dp/B08M5S2NQM
Lenovo 15.6-inch Casual Laptop Briefcase T210,799,4.2,21632,https://www.amazon.in/Lenovo-Carrying-15-6-Inch-Toploader-GX40Q17229/dp/B075Y6Y9H5
AUXTER Faux Leather 23 Cms Duffle Bag(AUX_GB_LE_Black -SE__0521_Black),429,4.3,9382,https://www.amazon.in/AUXTER-BLACKY-Duffel-Emboss-Black/dp/B07F2H25NP
"Safari Spartan 21 Ltrs Water Resistant Backpack - Blue, S (SPARTAN19CBBLU)",599,3.8,1067,https://www.amazon.in/Safari-Spartan-Water-Resistant-Backpack/dp/B09B26MB5M
"Safari Tribe 35 Ltrs Large Laptop Backpack with 3 Compartments, Water Resistant Fabric - Black (TRIBE19CBBLK)",999,3.8,1868,https://www.amazon.in/Safari-Laptop-Backpack-Compartments-Resistant/dp/B09B27S9SG
"Tabelito® NEO 3O L Water Resistant Laptop/College/Office/School/Travel/Business Bag, Unisex Backpack for Men Women Fits Up to 15.6 Inch Laptop Notebook.",349,3.8,292,https://www.amazon.in/Tabelito-NEO-Backpack-Business-Compartment/dp/B0C2D2Q52R
"Cockatoo CMP01 OXO-Biodegradable Garbage Bags Medium|Your Ultimate Companion for Campaigning and Traveling|for Keeping Your Adventures Clean and Green,30 Bags/Rollx3,(18.5 X 20.5 Inch)",99,4.9,125,https://www.amazon.in/Cockatoo-OXO-Biodegradable-Companion-Campaigning-Adventures/dp/B0CF9Q8HPN
Asus BP1504 39.62 cm (15.6-inch) Laptop Backpack (Dark Grey),,4.1,1791,https://www.amazon.in/Asus-BP1504-15-6-inch-Laptop-Backpack/dp/B0895ZZHKK
Dell Essential Backpack 15 (ES1520P),1049,4.0,6881,https://www.amazon.in/Dell-Essential-Backpack-15-ES1520P/dp/B07TTCXHRH
Kleeno by cello OXO - Biodegradable Garbage Bags Medium Size 48 cm x 53 cm 2 Pouch 30 Bags Dustbin Bag/Trash Bag,84,4.0,2,https://www.amazon.in/Kleeno-Cello-Clean-Garbage-Medium/dp/B09C284CTH
Bennett™ Mystic 15.6 inch (39.6cm) Laptop Briefcase Shoulder Sling Office Business Professional Travel Messenger Bag for Men and Women Water Repellent Formal Executive Bags (Grey) 6 Months Warranty,452,4.0,6868,https://www.amazon.in/BennettTM-Mystic-Shoulder-Messenger-Repellent/dp/B09321GJXZ
DZert 1 Day Hiking Backpack for Boys/Girl (10L),209,3.2,595,https://www.amazon.in/DZert-Hiking-Backpack-Boys-Red-Black/dp/B07NCJMM6Z
DZert Clasy Laptop Bag College Bag for Boys Girls 21 L Blue White,339,3.8,2611,https://www.amazon.in/DZert-School-Polyester-Backpack-White/dp/B07GXYHFCY
"Shalimar Large Capacity Travel Bag/Storage Bag/Move-in Bags/Duffel Bag - Strong, Durable, Foldable and Water Resistant (Pack of 1) (Blue)",257,4.1,541,https://www.amazon.in/Shalimar-Capacity-Travel-Storage-Duffel/dp/B09TPHFMX7
"Arctic Hunter Sling Bag for Men Stylish Chest Bag with Multip-pockets for 10.9 inch iPad Crossbody Bag Passport Bag with USB Port Water-resistant Anti-theft Side Bag for Men and Women,Black",1849,4.2,268,https://www.amazon.in/Resistant-Anti-Theft-Crossbody-Travelling-Hands-Free/dp/B084RPQ187
"Amazon Basics Messenger Laptop Bag with Handle & Shoulder Strap fits upto 15.6"" Laptop / MacBook for Men & Women (Black)",729,4.2,50118,https://www.amazon.in/Amazon-Basics-Messenger-Shoulder-MacBook/dp/B00DUGZFWY
Safari Quill Large Laptop Backpack 26 Ltrs Water Resistant Fabric - Blue,799,4.0,888,https://www.amazon.in/Safari-Laptop-Backpack-Resistant-Fabric/dp/B09B28TKLG
Half Moon Large 37L Laptop Bag Backpack for menं Women Boys and Girls Luggage Travel Bags with 17.3 inches Laptop Compartment & Rain Cover,689,3.9,3832,https://www.amazon.in/Half-Moon-Resistant-Backpack-Compartment/dp/B0BJ32LQ6X
DZert 1 Day Hiking Backpack for Boys/Girl (10L),209,3.2,595,https://www.amazon.in/DZert-Hiking-Backpack-Boys-Red-Black/dp/B07NCJMM6Z
DZert Clasy Laptop Bag College Bag for Boys Girls 21 L Blue White,339,3.8,2611,https://www.amazon.in/DZert-School-Polyester-Backpack-White/dp/B07GXYHFCY
AUXTER Faux Leather 23 Cms Duffle Bag(AUX_GB_LE_Black -SE__0521_Black),429,4.3,9382,https://www.amazon.in/AUXTER-BLACKY-Duffel-Emboss-Black/dp/B07F2H25NP
"Shalimar Large Capacity Travel Bag/Storage Bag/Move-in Bags/Duffel Bag - Strong, Durable, Foldable and Water Resistant (Pack of 1) (Blue)",257,4.1,541,https://www.amazon.in/Shalimar-Capacity-Travel-Storage-Duffel/dp/B09TPHFMX7
"Amazon Basics Messenger Laptop Bag with Handle & Shoulder Strap fits upto 15.6"" Laptop / MacBook for Men & Women (Black)",729,4.2,50118,https://www.amazon.in/Amazon-Basics-Messenger-Shoulder-MacBook/dp/B00DUGZFWY
Safari Quill Large Laptop Backpack 26 Ltrs Water Resistant Fabric - Blue,799,4.0,888,https://www.amazon.in/Safari-Laptop-Backpack-Resistant-Fabric/dp/B09B28TKLG
Half Moon Large 37L Laptop Bag Backpack for menं Women Boys and Girls Luggage Travel Bags with 17.3 inches Laptop Compartment & Rain Cover,689,3.9,3832,https://www.amazon.in/Half-Moon-Resistant-Backpack-Compartment/dp/B0BJ32LQ6X
"TRUE HUMAN® Emperor Anti-Theft Pocket backpack With USB charging Port Laptop,office,college,travel bag for men and women(Epower)",499,3.7,458,https://www.amazon.in/TRUE-Emperor-Anti-Theft-backpack-charging/dp/B0BYB631NR
Gear Superior 16L Small Water Resistant School Bag//Casual Backpack/ Daypack/College Bag for Men/Women - Black,299,3.9,384,https://www.amazon.in/Gear-Superior-Casual-Backpack-BKPSPRIOR0001/dp/B08GY2ZN96
motherly Diaper Bags for Mom Travel Basic Edition (Navy Blue),1399,4.5,2688,https://www.amazon.in/Motherly-Diaper-Bags-Travel-Basic/dp/B07PKQ3WJZ
"Presto! Oxo-Biodegradable Garbage Bags, Small - 30 bags/roll (Pack of 6, Green, For Wet Waste)",299,4.4,540,https://www.amazon.in/Amazon-Brand-Presto-Oxo-Biodegradable-Garbage/dp/B08TDGVLVM
"WILD MODA Women's Shoulder Bag, Set of 1",849,4.2,4336,https://www.amazon.in/WILD-MODA-Womens-Shoulder-Turquoise/dp/B099PLT91X
Half Moon 34 L Water Resistant 15.6 inch Laptop Bag/Backpack for Men Women Boys Girls/Office School College with Padded Laptop Compartment (Grey),489,3.9,1413,https://www.amazon.in/Half-Moon-Resistant-Backpack-Compartment/dp/B09T2TCSW7
Safari Hexa 21 Ltrs Small Backpack | Water Resistant- Blue,799,3.8,1211,https://www.amazon.in/Safari-Hexa-Water-Resistant-Backpack/dp/B09B263JKS
"Zebronics Techshield A1, 18 Liters, 1 Compartment Laptop Backpack and Front Pocket, fit Up to 15.6-inch Laptop, Polyester Fabric, Office Use and Mini Business Travel Bags (Black)",498,3.6,11,https://www.amazon.in/Zebronics-Techshield-Compartment-15-6-inch-Polyester/dp/B0C6QTMYFG
Aristrocrat Unisex Laptop Bag Grey,499,4.4,35,https://www.amazon.in/Aristocrat-Zeal-Unisex-Grey-Laptop/dp/B0B5YHC1W5
Half Moon Large 37L Laptop Bag Backpack for menं Women Boys and Girls Luggage Travel Bags with 17.3 inches Laptop Compartment & Rain Cover,689,3.9,3832,https://www.amazon.in/Half-Moon-Resistant-Backpack-Compartment/dp/B0BJ32LQ6X
"TRUE HUMAN® Emperor Anti-Theft Pocket backpack With USB charging Port Laptop,office,college,travel bag for men and women(Epower)",499,3.7,458,https://www.amazon.in/TRUE-Emperor-Anti-Theft-backpack-charging/dp/B0BYB631NR
Bennett™ Mystic Unisex Adult Men's Laptop Bag 15.6 inch Side Shoulder Briefcase Satchel Messenger Business Bags for Men & Women Front Pocket for Laptop Accessories - Black (6 Month Warranty),452,4.0,6868,https://www.amazon.in/BennettTM-Shoulder-Messenger-Repellent-Charcoal/dp/B09CV24TMK
motherly Diaper Bags for Mom Travel Basic Edition (Navy Blue),1399,4.5,2688,https://www.amazon.in/Motherly-Diaper-Bags-Travel-Basic/dp/B07PKQ3WJZ
Half Moon Vision Water Resistant 15.6 inch Laptop Bag for Men/Backpack for Men | Office Bag for Men/Office Bag for Women with Padded Laptop Compartment,459,4.3,17,https://www.amazon.in/Half-Moon-Resistant-Backpack-Compartment/dp/B0BYW5SH4L
Half Moon 34 L Water Resistant 15.6 inch Laptop Bag/Backpack for Men Women Boys Girls/Office School College with Padded Laptop Compartment (Grey),489,3.9,1413,https://www.amazon.in/Half-Moon-Resistant-Backpack-Compartment/dp/B09T2TCSW7
"Zebronics Techshield A1, 18 Liters, 1 Compartment Laptop Backpack and Front Pocket, fit Up to 15.6-inch Laptop, Polyester Fabric, Office Use and Mini Business Travel Bags (Black)",498,3.6,11,https://www.amazon.in/Zebronics-Techshield-Compartment-15-6-inch-Polyester/dp/B0C6QTMYFG
KILLER Louis 38L Large Laptop Backpack With 3 Compartments Polyester Trendy Waterproof Travel Backpack,1749,4.4,9467,https://www.amazon.in/Killer-Backpack-Compartments-Polyester-Waterproof/dp/B07C9XHZT1
"MY FAV Water Resistant Polyester Backpack for Men/Women Travel, Business, College with Smooth Runner Zipper and Lightweight Casual Bag (11.5 Liter)",177,3.3,27,https://www.amazon.in/MY-FAV-Resistant-Polyester-Lightweight/dp/B0BS1GGW8Q
DEIN KLEIDER Men's Nylon Messenger Bag,346,4.0,5541,https://www.amazon.in/gp/bestsellers/luggage/2917442031/ref=sr_bs_9_2917442031_1
"ASUS BP4600 Laptop Backpack (Grey), with Cross-dyed Woven Fabric Material, Suitable for up to 40.64 cm (16-inch) Laptop",1238,4.3,77,https://www.amazon.in/ASUS-Backpack-Cross-Dyed-Material-Suitable/dp/B09Q68446F
Murano Louis 10ltr Casual daybackpack/Office & Travel Bag/School Bag/College Bag/Men/Women/Girl/Boy (Dark Grey),189,3.4,140,https://www.amazon.in/Murano-Casual-daybackpack-Office-College/dp/B0BX9GLFD6
Shalimar Premium OXO - Biodegradable Garbage Bags 30 X 37 Inches (Extra Large) 60 Bags (4 rolls) Dustbin Bag/Trash Bag - Black Color,494,4.5,1457,https://www.amazon.in/Shalimar-Premium-Garbage-Extra-Colour/dp/B07KSZTYWX
Nelle Harper Women's Handbag,429,3.6,1956,https://www.amazon.in/Nelle-Harper-Womens-Sling-Green/dp/B07JGQM7DC
"Sfane Polyester 9.05 Black Men & Women Trendy Black Sports Duffle Gym Bag, Shoulder Bag",309,4.2,1339,https://www.amazon.in/Sfane-Women-Trendy-Black-Duffel/dp/B07GCR84D9
Nivia String Bag Polyester Made for Men Waterproof/Drawstring Backpack (Black),156,4.1,1979,https://www.amazon.in/Nivia-5177BK-Polyester-String-Black/dp/B071XM6PSM
"ROZEN Heavy Dutty Polyester Fabric Travel Duffle Bag (Sky Blue, 50 L, 22Inch)",628,3.9,2519,https://www.amazon.in/ROZEN-Fabric-Travel-Luggage-Duffle/dp/B085QMBX8H
DEIN KLEIDER Men's Nylon Messenger Bag,346,4.0,5541,https://www.amazon.in/gp/bestsellers/luggage/2917442031/ref=sr_bs_1_2917442031_1
Amazon Basics 20 ltrs Casual/Travel/College Backpack for 15.6-inch Laptop | Water Resistant Fabric,359,4.0,416,https://www.amazon.in/Amazon-Basics-Casual-Backpack-15-6-inch/dp/B09W4WJ1CB
"Red Lemon BANGE Captain Business Smart Backpack Waterproof fit 15.6 Inch Laptop Backpack with USB Charging Port,Travel Durable Backpack for Men and Women",3497,4.5,443,https://www.amazon.in/Red-Lemon-Business-Backpack-Waterproof/dp/B09ZYNHVKZ
The Purple Tree Canvas Stylish Printed Tote Bag For Women (Pack Of 1) Tbag00270,349,4.1,163,https://www.amazon.in/Purple-Tree-Canvas-Tote-Women/dp/B07PLCCQVC
"Lenovo 15.6"" Professional Backpack, Made in India, Water-resistant,Uncompromised storage, Travel friendly:Fleece-lined PC compartment,Vented,Padded BackPanel & Adjustable shoulder straps,Luggage strap",705,4.3,1093,https://www.amazon.in/Lenovo-Professional-Backpack-Water-resistant-Uncompromised/dp/B08R7S55H4
NORTH ZONE Lightweight school bags Backpacks for Boys Girls Stylish men and women Casual Travel Laptop Bag College office,540,4.0,1114,https://www.amazon.in/NORTH-ZONE-Lightweight-Backpacks-Stylish/dp/B0BL3S5NC1
Murano Louis 10ltr Casual daybackpack/Office & Travel Bag/School Bag/College Bag/Men/Women/Girl/Boy (Dark Grey),189,3.4,140,https://www.amazon.in/Murano-Casual-daybackpack-Office-College/dp/B0BX9GLFD6
"Sfane Polyester 9.05 Black Men & Women Trendy Black Sports Duffle Gym Bag, Shoulder Bag",309,4.2,1339,https://www.amazon.in/Sfane-Women-Trendy-Black-Duffel/dp/B07GCR84D9
"Wesley Unisex Milestone Casual Waterproof Laptop Office School College Business Travel Backpack 25 L (Dimensions: 12.5x18 inches) (Compatible with 15.6 inch laptops), Navy Blue",389,4.3,13582,https://www.amazon.in/Wesley-Milestone-Waterproof-Backpack-Business/dp/B07K8KLB3P
Nivia String Bag Polyester Made for Men Waterproof/Drawstring Backpack (Black),156,4.1,1979,https://www.amazon.in/Nivia-5177BK-Polyester-String-Black/dp/B071XM6PSM
American Tourister Spin Laptop Backpack 28L Polyester Black-Medium,1199,3.9,64,https://www.amazon.in/American-Tourister-LAPTOP-BACKPACK-POLYESTER/dp/B0BLCXMTZ7
Shalimar Premium OXO - Biodegradable Garbage Bags 24 X 32 Inches (Large) 60 Bags (4 rolls) Dustbin Bag/Trash Bag - Black Color,299,4.5,4612,https://www.amazon.in/Shalimar-Premium-Garbage-Large-Rolls/dp/B07KT98RKS
"The Pets Company Dog Poop Bags, Dog Waste Pick Up Biodegradable Garbage Bags, Large 120 Bags",256,4.2,1863,https://www.amazon.in/Pets-Company-Waste-Biodegradable-Garbage/dp/B07WHTBG25
Nelle Harper Women's Handbag,429,3.6,1956,https://www.amazon.in/Nelle-Harper-Womens-Sling-Green/dp/B07JGQM7DC
"Amazon Basics Water Repellent and Wear Resistant Laptop Backpack - 24L, Blue",599,4.2,636,https://www.amazon.in/Amazon-Basics-Laptop-Backpack-Repellent/dp/B09W43XLBY
"Safari Pentagon 55 Cms Small Cabin Polypropylene Hard Sided 4 Wheels 360 Degree Wheeling System Luggage/Suitcase/Trolley Bag, Cherry Red",1799,4.2,2273,https://www.amazon.in/Safari-Pentagon-Polypropylene-55-Hardsided/dp/B097L4GWB3
"The Pets Company Dog Poop Bags, Dog Waste Pick Up Biodegradable Garbage Bags, Large 120 Bags",256,4.2,1863,https://www.amazon.in/Pets-Company-Waste-Biodegradable-Garbage/dp/B07WHTBG25
"Safari Spartan 21 Ltrs Water Resistant Backpack - Teal, S (SPARTAN19CBTEA)",599,3.8,1075,https://www.amazon.in/Safari-Spartan-Water-Resistant-Backpack/dp/B09B277CR5
G 1 Disposable Garbage / Dustbin Bags | Medium Size | Pack of 4 | 30 Bags/Pack | Black Color | 19X21 Inches (Plastic),208,4.2,15739,https://www.amazon.in/G-1-Medium-Disposable-Garbage-Dustbin/dp/B077RJ1YMW
Ezee Black Large Garbage Bags 30 Pcs | 24 x 32 Inch | 15 Pcs x Pack of 2 | Dustbin Trash Bag,119,4.3,10339,https://www.amazon.in/Ezee-Garbage-Bag-Pieces-Medium/dp/B06VX7PDXC
Aristrocrat Unisex Laptop Bag Grey,499,4.4,35,https://www.amazon.in/Aristocrat-Zeal-Unisex-Grey-Laptop/dp/B0B5YHC1W5
"TRUE HUMAN EMPEROR®Multi-purpose backpack With USB charging Port Laptop,office,college,travel bag for men and women (WIZ)",499,3.9,7,https://www.amazon.in/TRUE-HUMAN-EMPEROR%C2%AEMulti-purpose-backpack-charging/dp/B0CCLKZ21R
"Amazon Brand - Presto! Oxo-Biodegradable Garbage Bags, Small - 30 bags/roll (Pack of 3, Green, For Wet Waste)",189,4.3,635,https://www.amazon.in/Amazon-Brand-Presto-Oxo-Biodegradable-Garbage/dp/B08TDCGCPK
AirCase C34- 13 Inch/ 14 Inch/15.6 Inch Premium Vegan Leather Laptop Backpack for Men & Women (Black)- 25 Ltrs,849,3.8,2269,https://www.amazon.in/AirCase-C34-Laptop-Backpack-Women/dp/B07QN4KXWG
Gear Aspire 30L Medium Water Restant Office Laptop Bag/Backpack for Men/Women (Black),995,4.3,6576,https://www.amazon.in/Gear-Black-Laptop-Backpack-LBPASPIRE0104/dp/B075MK4TXP
TRAWOC Travel Backpack - 40 Litre Laptop Bag with Rain Cover & Shoe Compartment - Versatile Casual Bag - Ideal Backpack for Men and Women,1345,5.0,1,https://www.amazon.in/TRAWOC-Travel-Backpack-Compartment-Women-Olivegreen/dp/B0CFFLCBKZ
"HAMMONDS FLYCATCHER Genuine Leather Laptop Bag for Men - Office Bag, Brown Color - Fits Up to 14/15.6/16 Inch Laptop/MacBook - Laptop Messenger Bags/Leather Bag for Men with Adjustable Shoulder Strap",2365,4.3,5202,https://www.amazon.in/HAMMONDS-FLYCATCHER-Genuine-Shoulder-Messenger/dp/B07P2TQH78
ADISA SL5038 women girls sling bag,389,4.0,2944,https://www.amazon.in/ADISA-SL5038-women-girls-sling/dp/B08Q4FHQLN
"Half Moon 40L Waterproof Laptop Bag | Rucksack Bags for Men/Trekking Bags for Men, Polyester, Black | With Laptop Compartment & Rain cover | For Trekking, Hiking, Travel Backpack for Men & Women",689,3.8,148,https://www.amazon.in/Half-Moon-Rucksack-Bags-Compartment/dp/B09S14TTG6
Safari Sheild 26 Ltrs Water Resistant Casual Backpack - (SHEILD19CBBLK),649,4.0,600,https://www.amazon.in/Safari-Sheild-Resistant-Casual-Backpack/dp/B09B28M2RN
Wildcraft Unisex Zip Closure Backpack (Green_Free Size),1019,4.4,384,https://www.amazon.in/Wildcraft-Music-Backpack-Green-11954/dp/B07N2SBX54
Gear Aspire 30L Medium Water Restant Office Laptop Bag/Backpack for Men/Women (Black),995,4.3,6576,https://www.amazon.in/Gear-Black-Laptop-Backpack-LBPASPIRE0104/dp/B075MK4TXP
"FATMUG Laptop Bag For Men - Convertible Backpack For Office And Travel (Dark Grey,Oxford Fabric)",1699,4.4,2588,https://www.amazon.in/FATMUG-Laptop-Bag-Men-Convertible/dp/B084LF4RT5
"FUR JADEN 15.6 Inch Laptop Backpack 25 LTR Bag for School, College and Office with USB Charging Port",429,3.9,10499,https://www.amazon.in/Casual-Backpack-Charging-Laptop-Compartment/dp/B07J46KLFP
"Bodyguard Baby Diaper Disposable Bags - 45 Bags - Oxo Biodegradable, Leak-Proof Bags for Discreet Disposal of Diapers and Intimate Sanitary Products, 45 Piece Pack",189,4.5,414,https://www.amazon.in/gp/bestsellers/boost/10894227031/ref=sr_bs_3_10894227031_1
"Amazon Basics Classic Camera Shoulder Bag, Adjustable Strap, Waterproof material, Breathable Mesh, Anti-Shock, Compatible with Nikon, Canon and Sony Mirrorless Cameras",549,3.6,6,https://www.amazon.in/Adjustable-Waterproof-Breathable-Anti-Shock-Compatible/dp/B0C58X3CRX
ADISA SL5038 women girls sling bag,389,4.0,2944,https://www.amazon.in/ADISA-SL5038-women-girls-sling/dp/B08Q4FHQLN
"FUR JADEN Travel Laptop Backpack, Business Backpacks with USB Charging Port, Water Resistant College School Computer Bag for Men & Women Fits Under 15.6 inch Laptop and Notebook",979,4.3,609,https://www.amazon.in/Backpack-Business-Backpacks-Charging-Resistant/dp/B094DGX84G
"ASUS TUF Gaming VP5700 46.14 cm Backpack (Black), with Water Repellent Fabric, Suitable for up to 43.18 cm Laptop",1099,4.4,276,https://www.amazon.in/ASUS-VP5700-Backpack-Repellent-Suitable/dp/B093HGZMHV
"Genie Moonlight Laptop Backpack for Women, 3 compartments, Water Resistant and Lightweight Bags for Office and Travelling Purpose. 36 litres. (19 inch) Black colour",899,4.5,17,https://www.amazon.in/Genie-Moonlight-compartments-Lightweight-Travelling/dp/B097PGGTNJ
American Tourister Jamaica 80 Cms Large Check-in Polyester Soft Sided 4 Spinner Wheels Luggage (Wine Red),4199,4.3,5844,https://www.amazon.in/American-Tourister-27O-70-003/dp/B073XL19QZ
ADISA 32L large laptop backpack office bag college travel back pack with rain cover,449,3.8,436,https://www.amazon.in/ADISA-Laptop-Backpack-Office-College/dp/B0BPVLXD53
"amazon basics PlasticVacuum Compression Storage Bags With Hand Pump - 6-Pack (2 Jumbo, 2 Large, 2 Medium)",749,4.4,9263,https://www.amazon.in/AmazonBasics-Vacuum-Compression-Storage-Bags/dp/B07RP7WHHY
SECUREMENT® Tamper Proof Courier Bags with Pod Jacket documen pouch 10x 14 (100 Pcs),325,4.1,314,https://www.amazon.in/Paarsv-Tamper-Courier-Without-Jacket/dp/B018E1O6LU
Tabelito® Basic Laptop Bag Laptop Cover Laptop Bags Laptop Sleeve Office Bag Laptop Bag 15.6 inch(39.6cm) Laptop Apple/Lenovo/Asus/Hp/MacBook/Thinkpad/Ideapad (Grey),257,4.1,2554,https://www.amazon.in/Tabelito%C2%AE-Basic-Laptop-Sleeve-Surfacepro/dp/B09NDTW8SP
DZert Clasy Laptop Bag College Bag for Boys Girls 21 L Red Black,339,3.8,2611,https://www.amazon.in/DZert-Polyester-Black-White-Backpack/dp/B07GXX2BP3
Heart Home Small OXO-Biodegradable Waste Bags|30 Bags Roll|Leak Proof & Odour Free|Easy Disposal|Size 43 x 48 CM (Black)-HS41HEARTHH24001 (Plastic),59,3.9,323,https://www.amazon.in/Heart-Home-Garbage-Dustbin-HS41HEARTHH24001/dp/B09DSKVLBG
Tabelito® Basic Laptop Bag Laptop Cover Laptop Bags Laptop Sleeve Office Bag Laptop Bag 15.6 inch(39.6cm) Laptop Apple/Lenovo/Asus/Hp/MacBook/Thinkpad/Ideapad (Grey),257,4.1,2554,https://www.amazon.in/Tabelito%C2%AE-Basic-Laptop-Sleeve-Surfacepro/dp/B09NDTW8SP
ADISA SL5038 women girls sling bag,389,4.0,2944,https://www.amazon.in/ADISA-SL5038-women-girls-sling/dp/B08Q4FHQLN
Heart Home Small OXO-Biodegradable Waste Bags|30 Bags Roll|Leak Proof & Odour Free|Easy Disposal|Size 43 x 48 CM (Black)-HS41HEARTHH24001 (Plastic),59,3.9,323,https://www.amazon.in/Heart-Home-Garbage-Dustbin-HS41HEARTHH24001/dp/B09DSKVLBG
"ARTISTIX Alpine Business Class Series | Anti Theft Laptop Backpack (32 Litre, 15.6 inch) (Black)",1783,4.4,1230,https://www.amazon.in/Artistix-Alpine-Laptop-Backpack-Business/dp/B08SVV5HZY
"ROZEN 47 Ltrs, 46 cms School Bag Class 5-12 Large 5 partition Laptop Collage Office Travel Backpack Unisex",697,4.1,342,https://www.amazon.in/ROZEN-School-partition-Collage-Backpack/dp/B0BRTCFQ5G
PALAY® Tote Bags For Women Bag Corduroy Large Capacity Reusable Shopping Bag Washable Shoulder Bags HandBags for School Work Shopping Travel Daily Use Grocery,488,4.3,99,https://www.amazon.in/Corduroy-Reusable-Shopping-Washable-Shoulder/dp/B0BNX437F8
ADISA 15.6 inch laptop backpack office bag college travel back pack 32 Ltrs,399,3.9,1392,https://www.amazon.in/ADISA-Laptop-Backpack-College-z-Black/dp/B09TPY1G1W
"Tabelito® NEO 3O L Water Resistant Laptop/College/Office/School/Travel/Business Bag, Unisex Backpack for Men Women Fits Up to 15.6 Inch Laptop Notebook.",349,3.8,292,https://www.amazon.in/Tabelito-NEO-Backpack-Business-Compartment/dp/B0C2D2GPWJ
"ROZEN 47 Ltrs, 46 cms School Bag Class 5-12 Large 5 partition Laptop Collage Office Travel Backpack Unisex",697,4.1,342,https://www.amazon.in/ROZEN-School-partition-Collage-Backpack/dp/B0BRTDXVZC
"Ezee Garbage Bags - 48X54 Cm (6 Rolls, 180 Bags, Medium, Black, plastic)",269,4.2,8594,https://www.amazon.in/Ezee-Garbage-Bags-48x54-Medium/dp/B074CW3JV4
LOOKMUSTER Casual Waterproof Laptop Backpack/Office Bag/School Bag/College Bag/Business Bag/Travel Backpack…,434,4.0,59,https://www.amazon.in/LOOKMUSTER-Waterproof-Backpack-College-Business/dp/B0BS6YGKMC
PUMA Casual Backpack IND II Black-CASTLEROCK,1019,4.1,279,https://www.amazon.in/PUMA-Casual-Backpack-IND-Black-CASTLEROCK/dp/B08BTD8YZP
"GLUN® Round Shape Foldable Laundry Bag Capacity of 45 Ltr, Non Woven Toys and Cloth Bag, Grey and Black Combination Pack of 1",161,3.8,116,https://www.amazon.in/Foldable-Laundry-Capacity-Quality-Combination/dp/B0BRFRVQMX
"HARISSONS Bags Vervo 15.6-inch Laptop/Travel/Casual Backpack for Men and Women with Rain Cover (Black, 40 Ltrs) | Quick Access Zippered Pocket, Detailed Organizers & a Detachable Key Chain Holder",2583,4.4,2027,https://www.amazon.in/HARISSONS-15-6-inch-Backpack-Organizers-Detachable/dp/B07M5P5LW3
"Tabelito® DELTA Casual Waterproof Laptop Backpack/Office Bag/School Bag/College Bag/Business Bag/Unisex Travel Backpack (Compatible with 15.6 inch Laptop) 30 L, (6 Month Warranty)",539,4.3,208,https://www.amazon.in/Tabelito%C2%AE-Delta-Waterproof-Backpack-Compatible/dp/B0BLK1Z7DQ
ZOUK Women Laptop Bag Royal Indian Peacock Motif,1529,4.4,180,https://www.amazon.in/ZOUK-Handmade-Leather-Handles-Multicolor/dp/B09QRYDXJH
"GLUN® Round Shape Foldable Laundry Bag Capacity of 45 Ltr, Non Woven Toys and Cloth Bag, Grey and Black Combination Pack of 1",161,3.8,116,https://www.amazon.in/Foldable-Laundry-Capacity-Quality-Combination/dp/B0BRFRVQMX
LOOKMUSTER Casual Waterproof Laptop Backpack/Office Bag/School Bag/College Bag/Business Bag/Travel Backpack…,434,4.0,59,https://www.amazon.in/LOOKMUSTER-Waterproof-Backpack-College-Business/dp/B0BS6YGKMC
"CRALOFT Premium 9 Inch Mini Sling Bag for Men and Women, Small Travel Bag with Water-resistant, Compact, and Sturdy Small Sling Bag (S5, Black with Radium Bar)",589,4.3,253,https://www.amazon.in/CRALOFT-Premium-Water-resistant-Compact-S5/dp/B0BRV3HVZ4
"Amazon Basics Opel Laptop Bag/Office/College Backpack for 15.6 inch laptop(20 L, Black)",509,3.8,157,https://www.amazon.in/Amazon-Basics-Laptop-College-Backpack/dp/B0C8NX7HTX
"Zureni OXO-Biodegradable Garbage Dustbin Bags (Large, 60 x 81 cm) Drawstring Anti-drip Trash Waste Basket Bag for Kitchen Office Warehouse Pantry (Black, Green, Blue, 3 x 15 Pcs/Roll)",149,4.2,609,https://www.amazon.in/Zureni-OXO-Biodegradable-Drawstring-Anti-drip-Warehouse/dp/B0BTHC4F2T
Dyazo Water Resistant Camera Backpack with Extra Front Pocket Photographers Bag with Rain Cover Tripod Holder Compatible for Sony Nikon Canon Panasonic DSLR (Black & Orange),698,4.2,724,https://www.amazon.in/gp/bestsellers/electronics/4175441031/ref=sr_bs_5_4175441031_1
"Dyazo Water Resistant Laptop Sleeve with Handle Compatible for 15 Inch to 15.6"" Inches laptops & Notebooks - Grey",284,4.3,5194,https://www.amazon.in/Dyazo-Resistant-Compatible-laptops-Notebooks/dp/B09BFV96TS
"ASUS TUF Gaming VP4700 46.5 cm X 30.0 cm X13.0 cm Backpack (Black), with Roll-Up Design, Reflective Logo, Suitable for up to 46.5 cm Laptop",1699,4.0,111,https://www.amazon.in/ASUS-VP4700-Backpack-Reflective-Suitable/dp/B0937G637K
ADISA Women's Girls Party Sling Bag Crossbody,289,4.0,689,https://www.amazon.in/ADISA-Womens-Girls-Party-Crossbody/dp/B0B2WBJ2H8
Trajectory 15.6 Inch Vegan Leather Messenger Laptop bag for men in Office for all laptop like Apple MacBook with 2 Years Warranty and Spacious Multiple Compartment with Expandable Bottom Used as Shoulder and Handbag for Men,1329,4.1,540,https://www.amazon.in/Trajectory-Elegant-15-6-Laptop-Office/dp/B09RK6NCGC
HP 330 15.6-inch Laptop Backpack/Trolley Pass-Through; Padded Back Panel; Padded air mesh Panel/Hand wash and air Dry/1 Year Limited Warranty (793A7AA),799,4.3,8,https://www.amazon.in/HP-15-6-inch-Backpack-Pass-Through-793A7AA/dp/B0BYDWD4VL
Fur Jaden Tan Leatherette Gym Bag for Men Women Boys Girls Travel Duffle Weekender Bag 23L,479,4.3,1843,https://www.amazon.in/Travel-Duffle-Premium-Leatherette-Medium/dp/B086MZDG7H
DZert Clasy Laptop Bag College Bag for Boys Girls 21 L Red Black,339,3.8,2611,https://www.amazon.in/DZert-Polyester-Black-White-Backpack/dp/B07GXX2BP3
F Gear Milestone Olive Casual 20 Ltrs Laptop Backpack (3376),1155,4.0,855,https://www.amazon.in/F-Gear-Milestone-Casual-Laptop-Backpack/dp/B08FX1R6WY
House of Quirk Baby Diaper Bag Maternity Backpack (Blue Elephant Printed),1315,4.2,4013,https://www.amazon.in/House-Quirk-Maternity-Backpack-Elephant/dp/B07QV7SH4S
"JD Fresh Nylon 41 Liter Expandable Travel Bags for Women, Duffle Bags for Women Luggage, Foldable Vanity Traveling Bag, Waterproof Hand Bag for Ladies Personal Items (Sakura Pink,41 x 22 x 26 CM cm)",731,3.9,424,https://www.amazon.in/JD-Expandable-Waterproof-Sakura-Pink/dp/B0BRNP6M1D
DZert Clasy Laptop Bag College Bag for Boys Girls 21 L Red Black,339,3.8,2611,https://www.amazon.in/DZert-Polyester-Black-White-Backpack/dp/B07GXX2BP3
F Gear Milestone Olive Casual 20 Ltrs Laptop Backpack (3376),1155,4.0,855,https://www.amazon.in/F-Gear-Milestone-Casual-Laptop-Backpack/dp/B08FX1R6WY
House of Quirk Baby Diaper Bag Maternity Backpack (Blue Elephant Printed),1315,4.2,4013,https://www.amazon.in/House-Quirk-Maternity-Backpack-Elephant/dp/B07QV7SH4S
Fur Jaden Tan Leatherette Gym Bag for Men Women Boys Girls Travel Duffle Weekender Bag 23L,479,4.3,1843,https://www.amazon.in/Travel-Duffle-Premium-Leatherette-Medium/dp/B086MZDG7H
"Tabelito® DELTA Casual Waterproof Laptop Backpack/Office Bag/School Bag/College Bag/Business Bag/Unisex Travel Backpack (Compatible with 15.6 inch Laptop) 30 L, (6 Month Warranty)",539,4.3,208,https://www.amazon.in/Tabelito%C2%AE-Delta-Waterproof-Backpack-Compatible/dp/B0BLK1Z7DQ
ADISA 15.6 inch laptop backpack office bag college travel back pack 32 Ltrs,399,3.9,1392,https://www.amazon.in/ADISA-Laptop-Backpack-Office-College/dp/B09TPVD964
Shalimar Premium OXO - Biodegradable Garbage Bags 30 X 45 Inches (Jumbo) 60 Bags (4 rolls) Dustbin Bag/Trash Bag - Black Color,477,4.5,573,https://www.amazon.in/Shalimar-Premium-Garbage-Jumbo-Rolls/dp/B07KT92ZQJ
Gear Inspired Alive Moving 33L Large Water Resistant Travel Duffle Bag/Gym Bag/Sports Duffle for Men/Women (Blue),399,4.3,1339,https://www.amazon.in/Gear-Inspired-Moving-training-DUFINDAVMVG05/dp/B08DV7YZL6
Lavie Women's Nova Tote Bag | Ladies Purse Handbag,999,4.2,8213,https://www.amazon.in/Lavie-Womens-Ladies-Purse-Handbag/dp/B07MXNWTB2
"Delrin LED Backpack with APP Working, Laptop Bag Motorcycle Riding Backpack Waterproof Backpack with Programmable and Color Screen, Travel Backpack 25 ltrs (48 Cms) (Black)",18219,5.0,2,https://www.amazon.in/Delrin-Backpack-Motorcycle-Waterproof-Programmable/dp/B0CBSGG3LX
"DAHSHA Nylon Stylish Small 6 Multi-Pocket Zip Closure Sling Cross Body Travel Messenger One Side Shoulder Bag for Men & Women (Grey, 25 x 10 x 20 CM)",545,4.0,857,https://www.amazon.in/DAHSHA-Sling-Messenger-Bag-Grey/dp/B09CGDFNBV
"AirCase Office Sling Messenger Bag fits upto 14.1"" Laptop/Macbook, Detachable Shoulder Strap, Waterproof, Shockproof, Carry Handle with Spacious Pockets, For Men & Women, Blue",729,4.0,1748,https://www.amazon.in/AirCase-C24-Messenger-Shoulder-Compartments/dp/B07Y3DB5YZ
"JD Fresh Nylon 41 Liter Expandable Travel Bags for Women, Duffle Bags for Women Luggage, Foldable Vanity Traveling Bag, Waterproof Hand Bag for Ladies Personal Items (Sakura Pink,41 x 22 x 26 CM cm)",731,3.9,424,https://www.amazon.in/JD-Expandable-Waterproof-Sakura-Pink/dp/B0BRNP6M1D
"Tabelito® NEXA 3O L Water Resistant Laptop/College/Office/School/Travel/Business Bag, Unisex Backpack for Men Women Fits Up to 15.6 Inch Laptop Notebook",349,4.0,176,https://www.amazon.in/Tabelito-NEXA-Backpack-Business-Compartment/dp/B0C2D3YR7T
ADISA Women Girls Floral Print Sling Bag,349,4.2,1269,https://www.amazon.in/ADISA-Women-Girls-Floral-SL5072-CRE_Cream/dp/B09B56BCXR
Boldfit Waist Bag for Men Fanny Pack for Women Fanny Pack for Men Waist Bag for Women Chest Bag for Women Waist Pouch for Men Waist Bag for Boys Waist Bags for Girls Fanny Bag - Black,349,4.2,1289,https://www.amazon.in/gp/bestsellers/luggage/2917440031/ref=sr_bs_15_2917440031_1
RIGHT CHOICE quality stylish casual backpack daily use unisex typography college bags (Boys and Girls),299,3.5,1012,https://www.amazon.in/Right-Choice-Stylish-College-Backpack/dp/B07ZVXDHCK
"AirCase Office Sling Messenger Bag fits upto 14.1"" Laptop/Macbook, Detachable Shoulder Strap, Waterproof, Shockproof, Carry Handle with Spacious Pockets, For Men & Women, Blue",729,4.0,1748,https://www.amazon.in/AirCase-C24-Messenger-Shoulder-Compartments/dp/B07Y3DB5YZ
Safari Polyester 24 Cms Travel Bag(KRYPTON17DFBLU_Blue),449,3.7,108,https://www.amazon.in/Safari-Polyester-Cms-Travel-KRYPTON17DFBLU_Blue/dp/B097L2RSF1
Genie Flamenco2 Casual Backpacks for Women,649,4.4,1632,https://www.amazon.in/Genie-Flamenco2-Backpack-Compatible-Resistant/dp/B08YF9VHTY
PLAYY BAGS Small 12 L daypack Small Bag for Daily Use - 2 Compartment Mini daypack,224,,,https://www.amazon.in/PLAYY-BAGS-Polyester-Business-Shoulder/dp/B0CJC93HDH
Safari RAY VOYAGE 53 Cms Small Cabin Polycarbonate (PC) Hard Sided 4 Wheels 360 Degree Wheeling System Printed Luggage/Suitcase/Trolley Bag (Blue),2299,3.9,2575,https://www.amazon.in/Safari-Polycarbonate-Printed-Hardsided-Luggage/dp/B08CRYJMQC
Half Moon Hercules 55L Travelling Laptop Bag/Rucksack Backpack for Luggage Travel Journey Trekking Hiking Bags for Men Women Boys and Girls with Laptop Compartment & Rain Cover (Black),689,5.0,4,https://www.amazon.in/Half-Moon-Hercules-Travelling-Compartment/dp/B0CJ3FDW3K
HAMMONDS FLYCATCHER Laptop Bag for Men - Genuine Leather Messenger Shoulder Bag - Fits 14/15.6/16 Inch Laptops - Brown Office Bag - Multiple Pockets -Water Resistant -Executive Bag for Work and Travel,4716,4.4,590,https://www.amazon.in/HAMMONDS-FLYCATCHER-Laptop-Bag-Men/dp/B083M1QK32
Lify Women's Retro Large Size Canvas Shoulder Bag Hobo Crossbody Handbag Casual Tote - 1 Piece,320,3.8,1855,https://www.amazon.in/Lify-Womens-Shoulder-Crossbody-Handbag/dp/B09JWKDG6R
Amazon Brand - Solimo Rectangular Rexine Jumbo Underbed Storage Bag with Zipper and Handle- 18.9 x 23.62 x 14.17 Inches (Black and White),339,4.2,1137,https://www.amazon.in/Amazon-Brand-Solimo-Underbed-Storage/dp/B084MS8LTW
DZert Kids School Bag Soft Plush Backpacks Cartoon Boys Girls Baby (2-5 Years),229,3.7,8318,https://www.amazon.in/DZert-School-Backpacks-Cartoon-Marshall/dp/B07WKM1YZC
"AirCase Premium Laptop Bag with 6 Pockets fits Upto 15.6"" Laptop/MacBook, Wrinkle Free, Padded, Waterproof Light Neoprene case Cover Sleeve Pouch, for Men & Women,Ash- 6 Months Warranty",598,4.4,4268,https://www.amazon.in/AirCase-Premium-Waterproof-Neoprene-Warranty/dp/B07JBBKD5S
Lavie Women's Odiase Medium Satchel Bag | Ladies Purse Handbag,1249,4.1,2400,https://www.amazon.in/Lavie-Odiase-Womens-Satchel-Handbag/dp/B08SW9RJ75
"Gizga Essentials Laptop Bag Sleeve Case Cover Pouch for 13.3 Inch Laptop for Men & Women, Padded Laptop Compartment, Free Accessories Pouch, Premium Zipper Closure, Water Repellent Nylon Fabric, Grey",298,4.1,114,https://www.amazon.in/Essentials-Laptop-Sleeve-13-3-Inch-Accessories/dp/B09RF47WDL
Wildcraft 18 ltrs (7 Cms) backpack(204493566_black),2095,4.1,188,https://www.amazon.in/Wildcraft-ltrs-Cms-backpack-204493566_black/dp/B07GNGG435
"Amazon Basics Laptop Bag with USB Charging Port, Rain Cover and Reflective Strip for College, Office, Travel (Unisex, 35 L, Blue)",799,4.1,191,https://www.amazon.in/Bag-Charging-Reflective-College-Blue/dp/B0C4L2KX2W
"AirCase Premium Laptop Bag with 6 Pockets fits Upto 15.6"" Laptop/MacBook, Wrinkle Free, Padded, Waterproof Light Neoprene case Cover Sleeve Pouch, for Men & Women,Ash- 6 Months Warranty",598,4.4,4268,https://www.amazon.in/AirCase-Premium-Waterproof-Neoprene-Warranty/dp/B07JBBKD5S
RIGHT CHOICE quality stylish casual backpack daily use unisex typography college bags (Boys and Girls),299,3.5,1012,https://www.amazon.in/Right-Choice-Stylish-College-Backpack/dp/B07ZVXDHCK
"Gizga Essentials Laptop Bag Sleeve Case Cover Pouch for 13.3 Inch Laptop for Men & Women, Padded Laptop Compartment, Free Accessories Pouch, Premium Zipper Closure, Water Repellent Nylon Fabric, Grey",298,4.1,114,https://www.amazon.in/Essentials-Laptop-Sleeve-13-3-Inch-Accessories/dp/B09RF47WDL
Wildcraft 18 ltrs (7 Cms) backpack(204493566_black),2095,4.1,188,https://www.amazon.in/Wildcraft-ltrs-Cms-backpack-204493566_black/dp/B07GNGG435
Safari Polyester 24 Cms Travel Bag(KRYPTON17DFBLU_Blue),449,3.7,108,https://www.amazon.in/Safari-Polyester-Cms-Travel-KRYPTON17DFBLU_Blue/dp/B097L2RSF1
Genie Flamenco2 Casual Backpacks for Women,649,4.4,1632,https://www.amazon.in/Genie-Flamenco2-Backpack-Compatible-Resistant/dp/B08YF9VHTY
Gear LOGI-Q 27L Medium Water Resistant Anti-Theft Laptop Bag/Backpack/Office Bag with Trolley Sleevefor Men/Women (Black-White),645,4.7,7,https://www.amazon.in/Gear-LOGI-Q-Resistant-Backpack-Black-White/dp/B0BTJ2VV17
Safari RAY VOYAGE 53 Cms Small Cabin Polycarbonate (PC) Hard Sided 4 Wheels 360 Degree Wheeling System Printed Luggage/Suitcase/Trolley Bag (Blue),2299,3.9,2575,https://www.amazon.in/Safari-Polycarbonate-Printed-Hardsided-Luggage/dp/B08CRYJMQC
"Kuber Industries Shoe Cover/String Bag Organizer|Shoe Print & Non Woven Material|Transparent Window|Size 43 x 30 Cm, Pack of 12 (Grey)-CTMTC039483",249,4.5,3533,https://www.amazon.in/Kuber-Industries-Travel-Organizer-CTMTC039483/dp/B084DWD41F
Lify Women's Retro Large Size Canvas Shoulder Bag Hobo Crossbody Handbag Casual Tote - 1 Piece,320,3.8,1855,https://www.amazon.in/Lify-Womens-Shoulder-Crossbody-Handbag/dp/B09JWKDG6R
"Amazon Basics Camera Bag for Beginners and Professional Photographers, Flipside Design, Water-Resistant, Heavy-Duty, Removable Dividers for All DSLR/SLR Cameras and Accessories",789,3.5,3,https://www.amazon.in/Professional-Photographers-Water-Resistant-Heavy-Duty-Accessories/dp/B0C58SJ2D8
DZert Kids School Bag Soft Plush Backpacks Cartoon Boys Girls Baby (2-5 Years),229,3.7,8318,https://www.amazon.in/DZert-School-Backpacks-Cartoon-Marshall/dp/B07WKM1YZC
"Lunar's 35 L Laptop Office/School/Travel/Business Backpack Water Proof - Fits Up to 15.6 Inch Laptop Notebook, With Raincover, Inside Organiser and 1 Year Warranty (All)",747,3.8,1159,https://www.amazon.in/Lunars-Router-Resistant-Raincover-Organiser/dp/B08YR63B9M
Lavie Women's Odiase Medium Satchel Bag | Ladies Purse Handbag,1249,4.1,2400,https://www.amazon.in/Lavie-Odiase-Womens-Satchel-Handbag/dp/B08SW9RJ75
NIVIA Deflate Round 01 Polyester Gym Bag/Unisex Gym Bags/Adjustable Shoulder Bag for Men/Duffle Gym Bags for Men/Carry Gym Accessories/Fitness Bag/Sports &Travel Bag/Gym kit Bag (Black),400,4.2,5993,https://www.amazon.in/Nivia-Deflate-5180BK-Polyester-Round/dp/B07222KX3S
"Amazon Basics Opel Laptop Bag/Office/College Backpack for 15.6 inch laptop(20 L, Grey)",499,3.9,7,https://www.amazon.in/Amazon-Basics-Laptop-College-Backpack/dp/B0C8NSJ4RD
Lify Women's Retro Large Size Canvas Shoulder Bag Hobo Crossbody Handbag Casual Tote - 1 Piece,320,3.8,1855,https://www.amazon.in/Lify-Womens-Shoulder-Crossbody-Handbag/dp/B09JWKDG6R
DZert Kids School Bag Soft Plush Backpacks Cartoon Boys Girls Baby (2-5 Years),229,3.7,8318,https://www.amazon.in/DZert-School-Backpacks-Cartoon-Marshall/dp/B07WKM1YZC
"Lunar's 35 L Laptop Office/School/Travel/Business Backpack Water Proof - Fits Up to 15.6 Inch Laptop Notebook, With Raincover, Inside Organiser and 1 Year Warranty (All)",747,3.8,1159,https://www.amazon.in/Lunars-Router-Resistant-Raincover-Organiser/dp/B08YR63B9M
Lavie Women's Odiase Medium Satchel Bag | Ladies Purse Handbag,1249,4.1,2400,https://www.amazon.in/Lavie-Odiase-Womens-Satchel-Handbag/dp/B08SW9RJ75
NIVIA Deflate Round 01 Polyester Gym Bag/Unisex Gym Bags/Adjustable Shoulder Bag for Men/Duffle Gym Bags for Men/Carry Gym Accessories/Fitness Bag/Sports &Travel Bag/Gym kit Bag (Black),400,4.2,5993,https://www.amazon.in/Nivia-Deflate-5180BK-Polyester-Round/dp/B07222KX3S
"Amazon Basics Opel Laptop Bag/Office/College Backpack for 15.6 inch laptop(20 L, Grey)",499,3.9,7,https://www.amazon.in/Amazon-Basics-Laptop-College-Backpack/dp/B0C8NSJ4RD
"Amazon Basics Laptop Bag with USB Charging Port, Rain Cover and Reflective Strip for College, Office, Travel (Unisex, 35 L, Blue)",799,4.1,191,https://www.amazon.in/Bag-Charging-Reflective-College-Blue/dp/B0C4L2KX2W
"Tabelito® NEO 3O L Water Resistant Laptop/College/Office/School/Travel/Business Bag, Unisex Backpack for Men Women Fits Up to 15.6 Inch Laptop Notebook.",349,3.8,292,https://www.amazon.in/Tabelito-NEO-Backpack-Business-Compartment/dp/B0C2D2XC4H
ZaySoo Stylish Casual Laptop Backpack/Office Bag/College Bag/Business Bag/Travel Backpack - Navyblue,307,5.0,2,https://www.amazon.in/ZaySoo-Stylish-Backpack-College-Business/dp/B0BVZL49N8
LuvLap Lily Travel Multifunctional Waterproof Diaper Bag-Backpack Cum Tote bag (Black),1099,4.4,1048,https://www.amazon.in/LuvLap-Travel-Multifunctional-Waterproof-Bag-Backpack/dp/B07W6Z8XKB
Trajectory 15.6 Inch Vegan Leather Messenger Laptop bag for men in Office for all laptop like Apple MacBook with 2 Years Warranty and Spacious Multiple Compartment with Expandable Bottom Used as Shoulder and Handbag for Men,1329,4.1,540,https://www.amazon.in/Trajectory-Elegant-15-6-Laptop-Office/dp/B09RK6NCGC
"Arctic Hunter Office Backpack, Laptop Bag for Men 45L Large Business Backpack with Shockproof 17-inch Laptop Compartment & 10.9‘’ iPad Compartment Polyester IPX-6 Water-resistant Preminum Travel Backpack with Multi-Pockets USB Port Earpohone Jack Smart Bag for Men and Women, Black",5499,4.5,28,https://www.amazon.in/Shockproof-Compartment-Polyester-Water-resistant-Multi-Pockets/dp/B0BYJTSFS1
DAHSHA Stylish Nylon Small Sling Cross Body Travel Bag for Business Office Messenger One Side Shoulder Carry Handbag Bag For Men & Women (35X18x25 CM-grey),695,3.9,474,https://www.amazon.in/DAHSHA-Bag-Business-Messenger-Shoulder/dp/B07GCLJTZF
"Safari Crew Overnighter Backpack, 40 Ltr Water Resistant Travel Laptop Bag, Black Polyester Backpack for Men and Women, Spacious Shoulder Bag for Travelling and Camping X Large",1699,4.3,343,https://www.amazon.in/Safari-Overnighter-Resistant-Polyester-Travelling/dp/B097JK3X9D
Kuber Industries Silk Embroidered Women Potli Bag (Cream) -CTKTC8803,265,3.8,108,https://www.amazon.in/Kuber-Industries-Embroidered-Women-CTKTC8803/dp/B07SWD51BV
"Presto! Oxo-Biodegradable Garbage Bags, Small (17 x 19 inches) - 30 bags/roll (Pack of 3, Black)",220,4.2,1034,https://www.amazon.in/Amazon-Brand-Presto-Oxo-Biodegradable-Garbage/dp/B08TDCD79P
Lavie Women's Odiase Medium Satchel Bag | Ladies Purse Handbag,1249,4.1,2400,https://www.amazon.in/Lavie-Odiase-Womens-Satchel-Handbag/dp/B08SW9RJ75
Gear Suave Business 25L Medium Water Resistant Anti-Theft Laptop Bag/Office Backpack For Men/Women (Black),783,4.0,89,https://www.amazon.in/Gear-Business-Anti-Theft-Office-Backpack/dp/B0B466YD7L
Bennett™ Mystic Formal Business Briefcase Bag Crossbody Messenger College Bags For Men Women MacBook INoteBook ITablet Laptop Upto 15.6 Inch | Handbags with Shoulder Straps (Blue) 6 Months Warranty,452,4.0,6868,https://www.amazon.in/gp/bestsellers/computers/1375466031/ref=sr_bs_2_1375466031_1
"Amazon Basics Laptop Bag with USB Charging Port, Rain Cover and Reflective Strip for College, Office, Travel (Unisex, 35 L, Blue)",799,4.1,191,https://www.amazon.in/Bag-Charging-Reflective-College-Blue/dp/B0C4L2KX2W
Caresmith Eon Premium Electric Hot Water Bag | Dual Insulation Silicon Technology | 6 Layers of Protection (Pearl Pink),866,4.4,6609,https://www.amazon.in/Caresmith-Electric-Insulation-Technology-Protection/dp/B07SDBY15G
Skybags Cardiff Polyester 52 Cms Wheel Travel Duffle Bag (Blue),1299,4.2,5933,https://www.amazon.in/Skybags-Cardiff-Polyester-Travel-DFTCAR52BLU/dp/B073JW8LNK
"HAMMONDS FLYCATCHER Genuine Leather Laptop Bag for Men - Office Bag, Tan Color - Fits Up to 14/15.6/16 Inch Laptop/MacBook - Laptop Messenger Bags/Leather Bag for Men with Adjustable Shoulder Strap",2298,4.3,5202,https://www.amazon.in/HAMMONDS-FLYCATCHER-Genuine-Leather-Laptop/dp/B07P3XM78K
"Sirona Sanitary Disposal Bags | 75 Bags | Pad Disposable Bags for Discreet Disposal of Tampons, Condoms, Diaper, Sanitary Pads, Panty Liner & Personal Hygiene Waste (Green)",215,4.4,3306,https://www.amazon.in/Sirona-Sanitary-Napkin-Diapers-Disposal/dp/B01NAZVN8M
Shalimar Premium OXO - Biodegradable Drawstring Garbage Bags 19 X 21 Inches (Medium) 120 Bags (4 rolls) Dustbin Bag/Trash Bag - Black Color,392,4.3,40,https://www.amazon.in/Shalimar-Premium-OXO-Biodegradable-Drawstring/dp/B0BNXLV3H8
"ROZEN 47 Ltrs, 46 cms School Bag Class 5-12 Large 5 partition Laptop Collage Office Travel Backpack Unisex",697,4.1,342,https://www.amazon.in/ROZEN-partition-Collage-Backpack-NAVYBLUE/dp/B0BRTDQH8L
"5 Pack Smart Saver Vacuum Bags for Travel, Space Saver Bags (1 Large/2 Medium/2 Small) Compression Storage Bags for Clothes, Bedding, Pillows, Comforters, Blankets Storage Vacuum Sealer Bags for Clothes Storage, Vaccine Sealed Compression Airtight Reusable Packing Ziplock Bag with Travelling Hand Pump",677,4.2,10017,https://www.amazon.in/BIGOWL-Storage-Reusable-Ziplock-Compression/dp/B08GLXK8MN
"Arctic Hunter Office Backpack, Laptop Bag for Men 45L Large Business Backpack with Shockproof 17-inch Laptop Compartment & 10.9‘’ iPad Compartment Polyester IPX-6 Water-resistant Preminum Travel Backpack with Multi-Pockets USB Port Earpohone Jack Smart Bag for Men and Women, Black",5499,4.5,28,https://www.amazon.in/Shockproof-Compartment-Polyester-Water-resistant-Multi-Pockets/dp/B0BYJTSFS1
"Storite Stylish Padded Nylon Small Sling Cross Body Travel Office Messenger One Side Shoulder Handbag Bag for Men & Women (22.5cm x 9.5cm x 22.5 cm, Dark Grey)",519,4.0,1320,https://www.amazon.in/Storite-Stylish-Sling-Bag-Grey/dp/B098L372Z7
Van Heusen Women's Tote Bag (Black),1269,4.1,258,https://www.amazon.in/Van-Heusen-Woman-Spring-Summer-Womens/dp/B07ML1M2CH
"Safari Crew Overnighter Backpack, 40 Ltr Water Resistant Travel Laptop Bag, Black Polyester Backpack for Men and Women, Spacious Shoulder Bag for Travelling and Camping X Large",1699,4.3,343,https://www.amazon.in/Safari-Overnighter-Resistant-Polyester-Travelling/dp/B097JK3X9D
"Amazon Basics Camera Bag with Tripod Holder for Beginner and Professional Photographers, Waterproof Cover, Lightweight, Removable Dividers for All DSLR/SLR Cameras and Accessories",949,4.3,997,https://www.amazon.in/Professional-Photographers-Waterproof-Lightweight-Accessories/dp/B0C58VVFQT
"5 Pack Smart Saver Vacuum Bags for Travel, Space Saver Bags (1 Large/2 Medium/2 Small) Compression Storage Bags for Clothes, Bedding, Pillows, Comforters, Blankets Storage Vacuum Sealer Bags for Clothes Storage, Vaccine Sealed Compression Airtight Reusable Packing Ziplock Bag with Travelling Hand Pump",677,4.2,10017,https://www.amazon.in/BIGOWL-Storage-Reusable-Ziplock-Compression/dp/B08GLXK8MN
Gear Inspired Alive Moving 33L Large Water Resistant Travel Duffle Bag/Gym Bag/Sports Duffle for Men/Women (Blue),399,4.3,1339,https://www.amazon.in/Gear-Inspired-Moving-training-DUFINDAVMVG05/dp/B08DV7YZL6
